sampleID,SampleID,group,series,stage,plant_rep,harvest_date,PlantID,height,predry_w_env,postdry_w_env,envelope,predry,postdry,compartment,compartment_code,RP_extr_number,RS_extr_number,pellet_date,extr_date,extr_group,sample_type,control_type,experiment
RP_1,RP_1,Control,growth,R1,5,31-Aug,Control_growth_R1_5,31.9,30.11,18.69,16.27,13.84,2.42,rhizoplane,RP,1,,4/12/23,5/8/23,1,sample,,rhizo_assembly
RP_10,RP_10,Zeb,growth,R7,3,19-Oct,Zeb_growth_R7_3,22.3,27.99,26.05,16.27,11.72,9.78,rhizoplane,RP,10,,4/12/23,5/8/23,1,sample,,rhizo_assembly
RP_100,RP_100,Zeb,time,day3,2,8-Aug,Zeb_time_day3_2,0,,,,,,rhizoplane,RP,100,,4/15/23,5/10/23,5,sample,,rhizo_assembly
RP_101,RP_101,Zeb,time,day35,3,9-Sep,Zeb_time_day35_3,20.7,22.87,17.75,16.27,6.6,1.48,rhizoplane,RP,101,,4/15/23,5/10/23,5,sample,,rhizo_assembly
RP_102,RP_102,Zeb,time,day49,4,23-Sep,Zeb_time_day49_4,24.3,37.2,21.5,16.27,20.93,5.23,rhizoplane,RP,102,,4/15/23,5/10/23,5,sample,,rhizo_assembly
RP_103,RP_103,Zeb,time,day63,4,7-Oct,Zeb_time_day63_4,20.1,42.07,21.75,16.27,25.8,5.48,rhizoplane,RP,103,,4/15/23,5/10/23,5,sample,,rhizo_assembly
RP_104,RP_104,Zeb,time,day7,5,12-Aug,Zeb_time_day7_5,1.8,3.95,2.97,2.5,1.45,0.47,rhizoplane,RP,104,,4/15/23,5/10/23,5,sample,,rhizo_assembly
RP_105,RP_105,,,,,,Negative_group5,,,,,,,rhizoplane,RP,105,,4/15/23,5/10/23,5,control,negative,rhizo_assembly
RP_106,RP_106,Control,growth,R4,3,11-Sep,Control_growth_R4_3,30.8,58.02,21.42,16.27,41.75,5.15,rhizoplane,RP,106,,5/4/23,5/11/23,6,sample,,rhizo_assembly
RP_107,RP_107,Control,growth,V1,4,15-Aug,Control_growth_V1_4,10.6,,2.95,2.5,,0.45,rhizoplane,RP,107,,5/4/23,5/11/23,6,sample,,rhizo_assembly
RP_108,RP_108,Control,growth,V2,3,19-Aug,Control_growth_V2_3,13.7,21.07,17.14,16.27,4.8,0.87,rhizoplane,RP,108,,5/4/23,5/11/23,6,sample,,rhizo_assembly
RP_109,RP_109,Control,growth,V2,5,19-Aug,Control_growth_V2_5,9.9,20.11,17.02,16.27,3.84,0.75,rhizoplane,RP,109,,5/4/23,5/11/23,6,sample,,rhizo_assembly
RP_11,RP_11,Zeb,growth,V1,3,25-Aug,Zeb_growth_V1_3,10.1,4.97,3.01,2.5,2.47,0.51,rhizoplane,RP,11,,4/12/23,5/8/23,1,sample,,rhizo_assembly
RP_110,RP_110,Control,time,day21,1,26-Aug,Control_time_day21_1,14.9,22.26,17.56,16.27,5.99,1.29,rhizoplane,RP,110,,5/4/23,5/11/23,6,sample,,rhizo_assembly
RP_111,RP_111,Control,time,day3,4,8-Aug,Control_time_day3_4,0,,,,,,rhizoplane,RP,111,,5/4/23,5/11/23,6,sample,,rhizo_assembly
RP_112,RP_112,Control,time,day35,5,9-Sep,Control_time_day35_5,32,49.2,21.72,16.27,32.93,5.45,rhizoplane,RP,112,,5/4/23,5/11/23,6,sample,,rhizo_assembly
RP_113,RP_113,Control,time,day63,4,7-Oct,Control_time_day63_4,29.9,40.98,28.57,16.27,24.71,12.3,rhizoplane,RP,113,,5/4/23,5/11/23,6,sample,,rhizo_assembly
RP_114,RP_114,Zeb,growth,R1,1,11-Sep,Zeb_growth_R1_1,9.8,20.32,16.52,16.27,4.05,0.25,rhizoplane,RP,114,,5/4/23,5/11/23,6,sample,,rhizo_assembly
RP_115,RP_115,Zeb,growth,R1,4,11-Sep,Zeb_growth_R1_4,37.5,27.37,18.03,16.27,11.1,1.76,rhizoplane,RP,115,,5/4/23,5/11/23,6,sample,,rhizo_assembly
RP_116,RP_116,Zeb,growth,R4,3,29-Sep,Zeb_growth_R4_3,19.5,53.28,21.65,16.27,37.01,5.38,rhizoplane,RP,116,,5/4/23,5/11/23,6,sample,,rhizo_assembly
RP_117,RP_117,Zeb,growth,R4,5,29-Sep,Zeb_growth_R4_5,21.4,59.32,24.23,16.27,43.05,7.96,rhizoplane,RP,117,,5/4/23,5/11/23,6,sample,,rhizo_assembly
RP_118,RP_118,Zeb,growth,V1,1,25-Aug,Zeb_growth_V1_1,7.8,5.4,3.11,2.5,2.9,0.61,rhizoplane,RP,118,,5/4/23,5/11/23,6,sample,,rhizo_assembly
RP_119,RP_119,Zeb,growth,V3,1,30-Aug,Zeb_growth_V3_1,11.6,6.43,3.21,2.5,3.93,0.71,rhizoplane,RP,119,,5/4/23,5/11/23,6,sample,,rhizo_assembly
RP_12,RP_12,Zeb,growth,V1,4,25-Aug,Zeb_growth_V1_4,7.9,4.14,2.89,2.5,1.64,0.39,rhizoplane,RP,12,,4/12/23,5/8/23,1,sample,,rhizo_assembly
RP_120,RP_120,Zeb,time,day14,3,19-Aug,Zeb_time_day14_3,4.7,4.26,2.93,2.5,1.76,0.43,rhizoplane,RP,120,,5/4/23,5/11/23,6,sample,,rhizo_assembly
RP_121,RP_121,Zeb,time,day21,1,26-Aug,Zeb_time_day21_1,6.2,4.31,2.92,2.5,1.81,0.42,rhizoplane,RP,121,,5/4/23,5/11/23,6,sample,,rhizo_assembly
RP_122,RP_122,Zeb,time,day21,2,26-Aug,Zeb_time_day21_2,9.5,5.48,3.04,2.5,2.98,0.54,rhizoplane,RP,122,,5/4/23,5/11/23,6,sample,,rhizo_assembly
RP_123,RP_123,Zeb,time,day35,2,9-Sep,Zeb_time_day35_2,11.8,21.59,17.16,16.27,5.32,0.89,rhizoplane,RP,123,,5/4/23,5/11/23,6,sample,,rhizo_assembly
RP_124,RP_124,Zeb,time,day49,1,23-Sep,Zeb_time_day49_1,13.4,30.33,19.55,16.27,14.06,3.28,rhizoplane,RP,124,,5/4/23,5/11/23,6,sample,,rhizo_assembly
RP_125,RP_125,Zeb,time,day7,2,12-Aug,Zeb_time_day7_2,1,3.88,3.05,2.5,1.38,0.55,rhizoplane,RP,125,,5/4/23,5/11/23,6,sample,,rhizo_assembly
RP_126,RP_126,,,,,,Negative_group6,,,,,,,rhizoplane,RP,126,,5/4/23,5/11/23,6,control,negative,rhizo_assembly
RP_128,RP_128,Control,growth,R4,4,11-Sep,Control_growth_R4_4,33.4,58.66,21.6,16.27,42.39,5.33,rhizoplane,RP,128,,5/4/23,5/11/23,7,sample,,rhizo_assembly
RP_129,RP_129,Control,growth,R7,3,28-Sep,Control_growth_R7_3,32,52.15,27.83,16.27,35.88,11.56,rhizoplane,RP,129,,5/4/23,5/11/23,7,sample,,rhizo_assembly
RP_13,RP_13,Zeb,growth,V2,2,29-Aug,Zeb_growth_V2_2,8.1,5.26,3.11,2.5,2.76,0.61,rhizoplane,RP,13,,4/12/23,5/8/23,1,sample,,rhizo_assembly
RP_130,RP_130,Control,growth,V2,2,19-Aug,Control_growth_V2_2,9.1,20,17.09,16.27,3.73,0.82,rhizoplane,RP,130,,5/4/23,5/11/23,7,sample,,rhizo_assembly
RP_131,RP_131,Control,growth,V4,5,30-Aug,Control_growth_V4_5,29.8,31.11,18.92,16.27,14.84,2.65,rhizoplane,RP,131,,5/4/23,5/11/23,7,sample,,rhizo_assembly
RP_132,RP_132,Control,time,day14,4,19-Aug,Control_time_day14_4,10.4,19.69,16.94,16.27,3.42,0.67,rhizoplane,RP,132,,5/4/23,5/11/23,7,sample,,rhizo_assembly
RP_133,RP_133,Control,time,day35,1,9-Sep,Control_time_day35_1,34.4,53.91,22.19,16.27,37.64,5.92,rhizoplane,RP,133,,5/4/23,5/11/23,7,sample,,rhizo_assembly
RP_134,RP_134,Control,time,day49,3,23-Sep,Control_time_day49_3,30.1,63.76,27.29,16.27,47.49,11.02,rhizoplane,RP,134,,5/4/23,5/11/23,7,sample,,rhizo_assembly
RP_135,RP_135,Control,time,day63,2,7-Oct,Control_time_day63_2,33,34.21,27.25,16.27,17.94,10.98,rhizoplane,RP,135,,5/4/23,5/11/23,7,sample,,rhizo_assembly
RP_136,RP_136,Control,time,day7,1,12-Aug,Control_time_day7_1,9.1,4.59,2.95,2.5,2.09,0.45,rhizoplane,RP,136,,5/4/23,5/11/23,7,sample,,rhizo_assembly
RP_137,RP_137,Control,time,day7,3,12-Aug,Control_time_day7_3,8,4.55,2.94,2.5,2.05,0.44,rhizoplane,RP,137,,5/4/23,5/11/23,7,sample,,rhizo_assembly
RP_138,RP_138,Zeb,growth,R4,2,29-Sep,Zeb_growth_R4_2,13.9,55.41,22.42,16.27,39.14,6.15,rhizoplane,RP,138,,5/4/23,5/11/23,7,sample,,rhizo_assembly
RP_139,RP_139,Zeb,growth,R7,1,19-Oct,Zeb_growth_R7_1,20.3,30.01,26.03,16.27,13.74,9.76,rhizoplane,RP,139,,5/4/23,5/11/23,7,sample,,rhizo_assembly
RP_14,RP_14,Zeb,growth,V2,3,29-Aug,Zeb_growth_V2_3,7.9,5.17,2.95,2.5,2.67,0.45,rhizoplane,RP,14,,4/12/23,5/8/23,1,sample,,rhizo_assembly
RP_140,RP_140,Zeb,growth,V3,5,30-Aug,Zeb_growth_V3_5,11.2,5.71,3.15,2.5,3.21,0.65,rhizoplane,RP,140,,5/4/23,5/11/23,7,sample,,rhizo_assembly
RP_141,RP_141,Zeb,growth,V4,2,6-Sep,Zeb_growth_V4_2,19.2,13.55,9.83,8.88,4.67,0.95,rhizoplane,RP,141,,5/4/23,5/11/23,7,sample,,rhizo_assembly
RP_142,RP_142,Zeb,growth,V4,4,6-Sep,Zeb_growth_V4_4,9.6,12.62,9.41,8.88,3.74,0.53,rhizoplane,RP,142,,5/4/23,5/11/23,7,sample,,rhizo_assembly
RP_143,RP_143,Zeb,time,day14,4,19-Aug,Zeb_time_day14_4,4.9,4.09,3,2.5,1.59,0.5,rhizoplane,RP,143,,5/4/23,5/11/23,7,sample,,rhizo_assembly
RP_144,RP_144,Zeb,time,day21,3,26-Aug,Zeb_time_day21_3,6.5,4.31,2.89,2.5,1.81,0.39,rhizoplane,RP,144,,5/4/23,5/11/23,7,sample,,rhizo_assembly
RP_145,RP_145,Zeb,time,day3,3,8-Aug,Zeb_time_day3_3,0,,,,,,rhizoplane,RP,145,,5/4/23,5/11/23,7,sample,,rhizo_assembly
RP_146,RP_146,Zeb,time,day63,5,7-Oct,Zeb_time_day63_5,18.4,41.63,22.26,16.27,25.36,5.99,rhizoplane,RP,146,,5/4/23,5/11/23,7,sample,,rhizo_assembly
RP_147,RP_147,,,,,,Negative_group7,,,,,,,rhizoplane,RP,147,,5/4/23,5/11/23,7,control,negative,rhizo_assembly
RP_148,RP_148,,,,,,Mock_positive_rhizoplane,,,,,,,rhizoplane,RP,148,,5/4/23,5/11/23,7,control,positive,rhizo_assembly
RP_15,RP_15,Zeb,growth,V2,5,29-Aug,Zeb_growth_V2_5,10,4.86,2.85,2.5,2.36,0.35,rhizoplane,RP,15,,4/12/23,5/8/23,1,sample,,rhizo_assembly
RP_16,RP_16,Zeb,time,day21,5,26-Aug,Zeb_time_day21_5,4.1,4.15,3.02,2.5,1.65,0.52,rhizoplane,RP,16,,4/12/23,5/8/23,1,sample,,rhizo_assembly
RP_17,RP_17,Zeb,time,day3,4,8-Aug,Zeb_time_day3_4,0,,,,,,rhizoplane,RP,17,,4/12/23,5/8/23,1,sample,,rhizo_assembly
RP_18,RP_18,Zeb,time,day63,2,7-Oct,Zeb_time_day63_2,24.6,39.77,21.7,16.27,23.5,5.43,rhizoplane,RP,18,,4/12/23,5/8/23,1,sample,,rhizo_assembly
RP_19,RP_19,Zeb,time,day7,1,12-Aug,Zeb_time_day7_1,2,3.75,2.95,2.5,1.25,0.45,rhizoplane,RP,19,,4/12/23,5/8/23,1,sample,,rhizo_assembly
RP_2,RP_2,Control,growth,V2,1,19-Aug,Control_growth_V2_1,13.9,21.15,17.39,16.27,4.88,1.12,rhizoplane,RP,2,,4/12/23,5/8/23,1,sample,,rhizo_assembly
RP_20,RP_20,Zeb,time,day7,3,12-Aug,Zeb_time_day7_3,1.1,4.31,3.14,2.5,1.81,0.64,rhizoplane,RP,20,,4/12/23,5/8/23,1,sample,,rhizo_assembly
RP_21,RP_21,,,,,,Negative_group1_4/12,,,,,,,rhizoplane,RP,21,,4/12/23,5/8/23,1,control,negative,rhizo_assembly
RP_22,RP_22,Control,growth,R1,4,31-Aug,Control_growth_R1_4,28.8,30.59,18.9,16.27,14.32,2.63,rhizoplane,RP,22,,4/13/23,5/9/23,2,sample,,rhizo_assembly
RP_23,RP_23,Control,growth,R4,5,11-Sep,Control_growth_R4_5,37.7,68.28,23.59,16.27,52.01,7.32,rhizoplane,RP,23,,4/13/23,5/9/23,2,sample,,rhizo_assembly
RP_24,RP_24,Control,growth,R7,1,28-Sep,Control_growth_R7_1,28.2,32.16,28.55,16.27,15.89,12.28,rhizoplane,RP,24,,4/13/23,5/9/23,2,sample,,rhizo_assembly
RP_25,RP_25,Control,growth,V2,4,19-Aug,Control_growth_V2_4,10.1,19.95,16.98,16.27,3.68,0.71,rhizoplane,RP,25,,4/13/23,5/9/23,2,sample,,rhizo_assembly
RP_26,RP_26,Control,growth,V4,1,30-Aug,Control_growth_V4_1,27.1,27.57,18.39,16.27,11.3,2.12,rhizoplane,RP,26,,4/13/23,5/9/23,2,sample,,rhizo_assembly
RP_27,RP_27,Control,growth,V4,2,30-Aug,Control_growth_V4_2,26.1,26.24,18.16,16.27,9.97,1.89,rhizoplane,RP,27,,4/13/23,5/9/23,2,sample,,rhizo_assembly
RP_28,RP_28,Control,growth,V4,4,30-Aug,Control_growth_V4_4,25.9,27.48,18.2,16.27,11.21,1.93,rhizoplane,RP,28,,4/13/23,5/9/23,2,sample,,rhizo_assembly
RP_29,RP_29,Control,time,day14,1,19-Aug,Control_time_day14_1,11.9,20.01,17.09,16.27,3.74,0.82,rhizoplane,RP,29,,4/13/23,5/9/23,2,sample,,rhizo_assembly
RP_3,RP_3,Control,growth,V3,2,24-Aug,Control_growth_V3_2,14.3,20.66,17.75,16.27,4.39,1.48,rhizoplane,RP,3,,4/12/23,5/8/23,1,sample,,rhizo_assembly
RP_30,RP_30,Control,time,day14,3,19-Aug,Control_time_day14_3,13,20.21,17.2,16.27,3.94,0.93,rhizoplane,RP,30,,4/13/23,5/9/23,2,sample,,rhizo_assembly
RP_31,RP_31,Control,time,day3,5,8-Aug,Control_time_day3_5,0,,,,,,rhizoplane,RP,31,,4/13/23,5/9/23,2,sample,,rhizo_assembly
RP_32,RP_32,Control,time,day35,4,9-Sep,Control_time_day35_4,28.1,43.98,20.66,16.27,27.71,4.39,rhizoplane,RP,32,,4/13/23,5/9/23,2,sample,,rhizo_assembly
RP_33,RP_33,Control,time,day7,2,12-Aug,Control_time_day7_2,7.8,4.58,2.93,2.5,2.08,0.43,rhizoplane,RP,33,,4/13/23,5/9/23,2,sample,,rhizo_assembly
RP_34,RP_34,Zeb,growth,R1,2,11-Sep,Zeb_growth_R1_2,22.2,24.56,17.46,16.27,8.29,1.19,rhizoplane,RP,34,,4/13/23,5/9/23,2,sample,,rhizo_assembly
RP_35,RP_35,Zeb,growth,V2,1,29-Aug,Zeb_growth_V2_1,8.3,5.07,3.03,2.5,2.57,0.53,rhizoplane,RP,35,,4/13/23,5/9/23,2,sample,,rhizo_assembly
RP_36,RP_36,Zeb,growth,V2,4,29-Aug,Zeb_growth_V2_4,8.7,5.51,3.07,2.5,3.01,0.57,rhizoplane,RP,36,,4/13/23,5/9/23,2,sample,,rhizo_assembly
RP_37,RP_37,Zeb,time,day14,5,19-Aug,Zeb_time_day14_5,4.2,4.14,3.03,2.5,1.64,0.53,rhizoplane,RP,37,,4/13/23,5/9/23,2,sample,,rhizo_assembly
RP_38,RP_38,Zeb,time,day3,1,8-Aug,Zeb_time_day3_1,0,,,,,,rhizoplane,RP,38,,4/13/23,5/9/23,2,sample,,rhizo_assembly
RP_39,RP_39,Zeb,time,day35,1,9-Sep,Zeb_time_day35_1,20.5,21.96,17.26,16.27,5.69,0.99,rhizoplane,RP,39,,4/13/23,5/9/23,2,sample,,rhizo_assembly
RP_4,RP_4,Control,time,day14,2,19-Aug,Control_time_day14_2,11.8,20,16.86,16.27,3.73,0.59,rhizoplane,RP,4,,4/12/23,5/8/23,1,sample,,rhizo_assembly
RP_40,RP_40,Zeb,time,day63,1,7-Oct,Zeb_time_day63_1,14.7,52.03,22.99,16.27,35.76,6.72,rhizoplane,RP,40,,4/13/23,5/9/23,2,sample,,rhizo_assembly
RP_41,RP_41,Zeb,time,day63,3,7-Oct,Zeb_time_day63_3,22.1,58.94,24.99,16.27,42.67,8.72,rhizoplane,RP,41,,4/13/23,5/9/23,2,sample,,rhizo_assembly
RP_42,RP_42,,,,,,Negative_group2,,,,,,,rhizoplane,RP,42,,4/13/23,5/9/23,2,control,negative,rhizo_assembly
RP_43,RP_43,Control,growth,R7,2,28-Sep,Control_growth_R7_2,28.9,42.15,28.67,16.27,25.88,12.4,rhizoplane,RP,43,,4/13/23,5/9/23,3,sample,,rhizo_assembly
RP_44,RP_44,Control,growth,V1,1,15-Aug,Control_growth_V1_1,9.5,,2.96,2.5,,0.46,rhizoplane,RP,44,,4/13/23,5/9/23,3,sample,,rhizo_assembly
RP_45,RP_45,Control,growth,V1,2,15-Aug,Control_growth_V1_2,10.7,,2.94,2.5,,0.44,rhizoplane,RP,45,,4/13/23,5/9/23,3,sample,,rhizo_assembly
RP_46,RP_46,Control,growth,V1,5,15-Aug,Control_growth_V1_5,11.9,,2.96,2.5,,0.46,rhizoplane,RP,46,,4/13/23,5/9/23,3,sample,,rhizo_assembly
RP_47,RP_47,Control,growth,V3,1,24-Aug,Control_growth_V3_1,16.6,22.11,17.92,16.27,5.84,1.65,rhizoplane,RP,47,,4/13/23,5/9/23,3,sample,,rhizo_assembly
RP_48,RP_48,Control,time,day21,5,26-Aug,Control_time_day21_5,18.9,24.36,18.28,16.27,8.09,2.01,rhizoplane,RP,48,,4/13/23,5/9/23,3,sample,,rhizo_assembly
RP_49,RP_49,Control,time,day49,1,23-Sep,Control_time_day49_1,32.5,54.55,26.12,16.27,38.28,9.85,rhizoplane,RP,49,,4/13/23,5/9/23,3,sample,,rhizo_assembly
RP_5,RP_5,Control,time,day21,2,26-Aug,Control_time_day21_2,18.9,24.75,18.07,16.27,8.48,1.8,rhizoplane,RP,5,,4/12/23,5/8/23,1,sample,,rhizo_assembly
RP_50,RP_50,Control,time,day49,2,23-Sep,Control_time_day49_2,33,51.59,24.86,16.27,35.32,8.59,rhizoplane,RP,50,,4/13/23,5/9/23,3,sample,,rhizo_assembly
RP_51,RP_51,Control,time,day49,5,23-Sep,Control_time_day49_5,30.8,64.68,27.78,16.27,48.41,11.51,rhizoplane,RP,51,,4/13/23,5/9/23,3,sample,,rhizo_assembly
RP_52,RP_52,Control,time,day7,5,12-Aug,Control_time_day7_5,8.6,4.89,2.99,2.5,2.39,0.49,rhizoplane,RP,52,,4/13/23,5/9/23,3,sample,,rhizo_assembly
RP_53,RP_53,Zeb,growth,R1,3,11-Sep,Zeb_growth_R1_3,11.9,22.13,16.88,16.27,5.86,0.61,rhizoplane,RP,53,,4/13/23,5/9/23,3,sample,,rhizo_assembly
RP_54,RP_54,Zeb,growth,R1,5,11-Sep,Zeb_growth_R1_5,11.9,24.19,17.81,16.27,7.92,1.54,rhizoplane,RP,54,,4/13/23,5/9/23,3,sample,,rhizo_assembly
RP_55,RP_55,Zeb,growth,R4,4,29-Sep,Zeb_growth_R4_4,22.3,53.2,23.02,16.27,36.93,6.75,rhizoplane,RP,55,,4/13/23,5/9/23,3,sample,,rhizo_assembly
RP_56,RP_56,Zeb,growth,V1,5,25-Aug,Zeb_growth_V1_5,7.8,5.14,3.05,2.5,2.64,0.55,rhizoplane,RP,56,,4/13/23,5/9/23,3,sample,,rhizo_assembly
RP_57,RP_57,Zeb,growth,V3,2,30-Aug,Zeb_growth_V3_2,11.5,6.59,3.3,2.5,4.09,0.8,rhizoplane,RP,57,,4/13/23,5/9/23,3,sample,,rhizo_assembly
RP_58,RP_58,Zeb,growth,V3,4,30-Aug,Zeb_growth_V3_4,10.1,5.92,3.18,2.5,3.42,0.68,rhizoplane,RP,58,,4/13/23,5/9/23,3,sample,,rhizo_assembly
RP_59,RP_59,Zeb,growth,V4,1,6-Sep,Zeb_growth_V4_1,9.6,12.52,9.54,8.88,3.64,0.66,rhizoplane,RP,59,,4/13/23,5/9/23,3,sample,,rhizo_assembly
RP_6,RP_6,Control,time,day35,2,9-Sep,Control_time_day35_2,28.1,43.31,21.17,16.27,27.04,4.9,rhizoplane,RP,6,,4/12/23,5/8/23,1,sample,,rhizo_assembly
RP_60,RP_60,Zeb,time,day3,5,8-Aug,Zeb_time_day3_5,0,,,,,,rhizoplane,RP,60,,4/13/23,5/9/23,3,sample,,rhizo_assembly
RP_61,RP_61,Zeb,time,day49,2,23-Sep,Zeb_time_day49_2,18.3,27.58,18.87,16.27,11.31,2.6,rhizoplane,RP,61,,4/13/23,5/9/23,3,sample,,rhizo_assembly
RP_62,RP_62,Zeb,time,day49,5,23-Sep,Zeb_time_day49_5,18.7,27.55,18.95,16.27,11.28,2.68,rhizoplane,RP,62,,4/13/23,5/9/23,3,sample,,rhizo_assembly
RP_63,RP_63,,,,,,Negative_group3,,,,,,,rhizoplane,RP,63,,4/13/23,5/9/23,3,control,negative,rhizo_assembly
RP_64,RP_64,Control,growth,R4,1,11-Sep,Control_growth_R4_1,21.4,59.84,22.09,16.27,43.57,5.82,rhizoplane,RP,64,,4/14/23,5/10/23,4,sample,,rhizo_assembly
RP_65,RP_65,Control,growth,R7,4,28-Sep,Control_growth_R7_4,24.2,51.38,26.01,16.27,35.11,9.74,rhizoplane,RP,65,,4/14/23,5/10/23,4,sample,,rhizo_assembly
RP_66,RP_66,Control,growth,R7,5,28-Sep,Control_growth_R7_5,25.7,34.76,26.5,16.27,18.49,10.23,rhizoplane,RP,66,,4/14/23,5/10/23,4,sample,,rhizo_assembly
RP_67,RP_67,Control,growth,V3,3,24-Aug,Control_growth_V3_3,20.3,23.24,18.42,16.27,6.97,2.15,rhizoplane,RP,67,,4/14/23,5/10/23,4,sample,,rhizo_assembly
RP_68,RP_68,Control,growth,V4,3,30-Aug,Control_growth_V4_3,20.3,25.85,18.17,16.27,9.58,1.9,rhizoplane,RP,68,,4/14/23,5/10/23,4,sample,,rhizo_assembly
RP_69,RP_69,Control,time,day3,3,8-Aug,Control_time_day3_3,0,,,,,,rhizoplane,RP,69,,4/14/23,5/10/23,4,sample,,rhizo_assembly
RP_7,RP_7,Control,time,day63,3,7-Oct,Control_time_day63_3,32.5,40.15,29.61,16.27,23.88,13.34,rhizoplane,RP,7,,4/12/23,5/8/23,1,sample,,rhizo_assembly
RP_70,RP_70,Control,time,day35,3,9-Sep,Control_time_day35_3,33.9,37.2,20.25,16.27,20.93,3.98,rhizoplane,RP,70,,4/14/23,5/10/23,4,sample,,rhizo_assembly
RP_71,RP_71,Control,time,day49,4,23-Sep,Control_time_day49_4,35.4,47.77,25.05,16.27,31.5,8.78,rhizoplane,RP,71,,4/14/23,5/10/23,4,sample,,rhizo_assembly
RP_72,RP_72,Control,time,day63,5,7-Oct,Control_time_day63_5,30.9,40.14,27.85,16.27,23.87,11.58,rhizoplane,RP,72,,4/14/23,5/10/23,4,sample,,rhizo_assembly
RP_73,RP_73,Control,time,day7,4,12-Aug,Control_time_day7_4,7.3,4.78,2.91,2.5,2.28,0.41,rhizoplane,RP,73,,4/14/23,5/10/23,4,sample,,rhizo_assembly
RP_74,RP_74,Zeb,growth,R7,4,19-Oct,Zeb_growth_R7_4,20.6,31.87,29.89,16.27,15.6,13.62,rhizoplane,RP,74,,4/14/23,5/10/23,4,sample,,rhizo_assembly
RP_75,RP_75,Zeb,growth,R7,5,19-Oct,Zeb_growth_R7_5,28.3,27.38,24.72,16.27,11.11,8.45,rhizoplane,RP,75,,4/14/23,5/10/23,4,sample,,rhizo_assembly
RP_76,RP_76,Zeb,growth,V1,2,25-Aug,Zeb_growth_V1_2,6.7,5.46,3.08,2.5,2.96,0.58,rhizoplane,RP,76,,4/14/23,5/10/23,4,sample,,rhizo_assembly
RP_77,RP_77,Zeb,growth,V3,3,30-Aug,Zeb_growth_V3_3,10.5,6.19,3.34,2.5,3.69,0.84,rhizoplane,RP,77,,4/14/23,5/10/23,4,sample,,rhizo_assembly
RP_78,RP_78,Zeb,time,day14,1,19-Aug,Zeb_time_day14_1,4.8,4.04,3,2.5,1.54,0.5,rhizoplane,RP,78,,4/14/23,5/10/23,4,sample,,rhizo_assembly
RP_79,RP_79,Zeb,time,day14,2,19-Aug,Zeb_time_day14_2,5,4.21,2.96,2.5,1.71,0.46,rhizoplane,RP,79,,4/14/23,5/10/23,4,sample,,rhizo_assembly
RP_8,RP_8,Zeb,growth,R4,1,29-Sep,Zeb_growth_R4_1,25,45.72,21.73,16.27,29.45,5.46,rhizoplane,RP,8,,4/12/23,5/8/23,1,sample,,rhizo_assembly
RP_80,RP_80,Zeb,time,day35,4,9-Sep,Zeb_time_day35_4,13.4,24.01,18.07,16.27,7.74,1.8,rhizoplane,RP,80,,4/14/23,5/10/23,4,sample,,rhizo_assembly
RP_81,RP_81,Zeb,time,day35,5,9-Sep,Zeb_time_day35_5,14.6,19.97,17.02,16.27,3.7,0.75,rhizoplane,RP,81,,4/14/23,5/10/23,4,sample,,rhizo_assembly
RP_82,RP_82,Zeb,time,day49,3,23-Sep,Zeb_time_day49_3,24.4,28.32,18.98,16.27,12.05,2.71,rhizoplane,RP,82,,4/14/23,5/10/23,4,sample,,rhizo_assembly
RP_83,RP_83,Zeb,time,day7,4,12-Aug,Zeb_time_day7_4,1.2,3.85,3.05,2.5,1.35,0.55,rhizoplane,RP,83,,4/14/23,5/10/23,4,sample,,rhizo_assembly
RP_84,RP_84,,,,,,Negative_group4,,,,,,,rhizoplane,RP,84,,4/14/23,5/10/23,4,control,negative,rhizo_assembly
RP_85,RP_85,Control,growth,R1,1,31-Aug,Control_growth_R1_1,22.9,28.81,18.34,16.27,12.54,2.07,rhizoplane,RP,85,,4/15/23,5/10/23,5,sample,,rhizo_assembly
RP_86,RP_86,Control,growth,R1,2,31-Aug,Control_growth_R1_2,26.7,28.23,18.37,16.27,11.96,2.1,rhizoplane,RP,86,,4/15/23,5/10/23,5,sample,,rhizo_assembly
RP_87,RP_87,Control,growth,R4,2,11-Sep,Control_growth_R4_2,25.1,53.66,21.35,16.27,37.39,5.08,rhizoplane,RP,87,,4/15/23,5/10/23,5,sample,,rhizo_assembly
RP_88,RP_88,Control,growth,V1,3,15-Aug,Control_growth_V1_3,12.4,,3.07,2.5,,0.57,rhizoplane,RP,88,,4/15/23,5/10/23,5,sample,,rhizo_assembly
RP_89,RP_89,Control,growth,V3,4,24-Aug,Control_growth_V3_4,17.5,21.65,17.65,16.27,5.38,1.38,rhizoplane,RP,89,,4/15/23,5/10/23,5,sample,,rhizo_assembly
RP_9,RP_9,Zeb,growth,R7,2,19-Oct,Zeb_growth_R7_2,14.8,28.38,22.53,16.27,12.11,6.26,rhizoplane,RP,9,,4/12/23,5/8/23,1,sample,,rhizo_assembly
RP_90,RP_90,Control,growth,V3,5,24-Aug,Control_growth_V3_5,13.9,19.94,17.49,16.27,3.67,1.22,rhizoplane,RP,90,,4/15/23,5/10/23,5,sample,,rhizo_assembly
RP_91,RP_91,Control,time,day14,5,19-Aug,Control_time_day14_5,10.7,20.01,16.81,16.27,3.74,0.54,rhizoplane,RP,91,,4/15/23,5/10/23,5,sample,,rhizo_assembly
RP_92,RP_92,Control,time,day21,3,26-Aug,Control_time_day21_3,17.6,23.51,17.62,16.27,7.24,1.35,rhizoplane,RP,92,,4/15/23,5/10/23,5,sample,,rhizo_assembly
RP_93,RP_93,Control,time,day21,4,26-Aug,Control_time_day21_4,19.6,24.39,17.77,16.27,8.12,1.5,rhizoplane,RP,93,,4/15/23,5/10/23,5,sample,,rhizo_assembly
RP_94,RP_94,Control,time,day3,1,8-Aug,Control_time_day3_1,0,,,,,,rhizoplane,RP,94,,4/15/23,5/10/23,5,sample,,rhizo_assembly
RP_95,RP_95,Control,time,day3,2,8-Aug,Control_time_day3_2,0,,,,,,rhizoplane,RP,95,,4/15/23,5/10/23,5,sample,,rhizo_assembly
RP_96,RP_96,Control,time,day63,1,7-Oct,Control_time_day63_1,31.5,36.61,28.26,16.27,20.34,11.99,rhizoplane,RP,96,,4/15/23,5/10/23,5,sample,,rhizo_assembly
RP_97,RP_97,Zeb,growth,V4,3,6-Sep,Zeb_growth_V4_3,15.1,12.32,9.33,8.88,3.44,0.45,rhizoplane,RP,97,,4/15/23,5/10/23,5,sample,,rhizo_assembly
RP_98,RP_98,Zeb,growth,V4,5,6-Sep,Zeb_growth_V4_5,13,15.43,10.12,8.88,6.55,1.24,rhizoplane,RP,98,,4/15/23,5/10/23,5,sample,,rhizo_assembly
RP_99,RP_99,Zeb,time,day21,4,26-Aug,Zeb_time_day21_4,4.4,4.45,3.01,2.5,1.95,0.51,rhizoplane,RP,99,,4/15/23,5/10/23,5,sample,,rhizo_assembly
RS_149,RS_149,Control,growth,R1,5,31-Aug,Control_growth_R1_5,31.9,30.11,18.69,16.27,13.84,2.42,rhizosphere,RS,,149,,5/13/23,8,sample,,rhizo_assembly
RS_150,RS_150,Control,growth,V2,1,19-Aug,Control_growth_V2_1,13.9,21.15,17.39,16.27,4.88,1.12,rhizosphere,RS,,150,,5/13/23,8,sample,,rhizo_assembly
RS_151,RS_151,Control,growth,V3,2,24-Aug,Control_growth_V3_2,14.3,20.66,17.75,16.27,4.39,1.48,rhizosphere,RS,,151,,5/13/23,8,sample,,rhizo_assembly
RS_152,RS_152,Control,time,day14,2,19-Aug,Control_time_day14_2,11.8,20,16.86,16.27,3.73,0.59,rhizosphere,RS,,152,,5/13/23,8,sample,,rhizo_assembly
RS_153,RS_153,Control,time,day21,2,26-Aug,Control_time_day21_2,18.9,24.75,18.07,16.27,8.48,1.8,rhizosphere,RS,,153,,5/13/23,8,sample,,rhizo_assembly
RS_154,RS_154,Control,time,day35,2,9-Sep,Control_time_day35_2,28.1,43.31,21.17,16.27,27.04,4.9,rhizosphere,RS,,154,,5/13/23,8,sample,,rhizo_assembly
RS_155,RS_155,Control,time,day63,3,7-Oct,Control_time_day63_3,32.5,40.15,29.61,16.27,23.88,13.34,rhizosphere,RS,,155,,5/13/23,8,sample,,rhizo_assembly
RS_156,RS_156,Zeb,growth,R4,1,29-Sep,Zeb_growth_R4_1,25,45.72,21.73,16.27,29.45,5.46,rhizosphere,RS,,156,,5/13/23,8,sample,,rhizo_assembly
RS_157,RS_157,Zeb,growth,R7,2,19-Oct,Zeb_growth_R7_2,14.8,28.38,22.53,16.27,12.11,6.26,rhizosphere,RS,,157,,5/13/23,8,sample,,rhizo_assembly
RS_158,RS_158,Zeb,growth,R7,3,19-Oct,Zeb_growth_R7_3,22.3,27.99,26.05,16.27,11.72,9.78,rhizosphere,RS,,158,,5/13/23,8,sample,,rhizo_assembly
RS_159,RS_159,Zeb,growth,V1,3,25-Aug,Zeb_growth_V1_3,10.1,4.97,3.01,2.5,2.47,0.51,rhizosphere,RS,,159,,5/13/23,8,sample,,rhizo_assembly
RS_160,RS_160,Zeb,growth,V1,4,25-Aug,Zeb_growth_V1_4,7.9,4.14,2.89,2.5,1.64,0.39,rhizosphere,RS,,160,,5/13/23,8,sample,,rhizo_assembly
RS_161,RS_161,Zeb,growth,V2,2,29-Aug,Zeb_growth_V2_2,8.1,5.26,3.11,2.5,2.76,0.61,rhizosphere,RS,,161,,5/13/23,8,sample,,rhizo_assembly
RS_162,RS_162,Zeb,growth,V2,3,29-Aug,Zeb_growth_V2_3,7.9,5.17,2.95,2.5,2.67,0.45,rhizosphere,RS,,162,,5/13/23,8,sample,,rhizo_assembly
RS_163,RS_163,Zeb,growth,V2,5,29-Aug,Zeb_growth_V2_5,10,4.86,2.85,2.5,2.36,0.35,rhizosphere,RS,,163,,5/13/23,8,sample,,rhizo_assembly
RS_164,RS_164,Zeb,time,day21,5,26-Aug,Zeb_time_day21_5,4.1,4.15,3.02,2.5,1.65,0.52,rhizosphere,RS,,164,,5/13/23,8,sample,,rhizo_assembly
RS_165,RS_165,Zeb,time,day3,4,8-Aug,Zeb_time_day3_4,0,,,,,,rhizosphere,RS,,165,,5/13/23,8,sample,,rhizo_assembly
RS_166,RS_166,Zeb,time,day63,2,7-Oct,Zeb_time_day63_2,24.6,39.77,21.7,16.27,23.5,5.43,rhizosphere,RS,,166,,5/13/23,8,sample,,rhizo_assembly
RS_167,RS_167,Zeb,time,day7,1,12-Aug,Zeb_time_day7_1,2,3.75,2.95,2.5,1.25,0.45,rhizosphere,RS,,167,,5/13/23,8,sample,,rhizo_assembly
RS_168,RS_168,Zeb,time,day7,3,12-Aug,Zeb_time_day7_3,1.1,4.31,3.14,2.5,1.81,0.64,rhizosphere,RS,,168,,5/13/23,8,sample,,rhizo_assembly
RS_169,RS_169,,,,,,Negative_group8,,,,,,,rhizosphere,RS,,169,,5/13/23,8,control,negative,rhizo_assembly
RS_170,RS_170,Control,growth,R1,4,31-Aug,Control_growth_R1_4,28.8,30.59,18.9,16.27,14.32,2.63,rhizosphere,RS,,170,,5/13/23,9,sample,,rhizo_assembly
RS_171,RS_171,Control,growth,R4,5,11-Sep,Control_growth_R4_5,37.7,68.28,23.59,16.27,52.01,7.32,rhizosphere,RS,,171,,5/13/23,9,sample,,rhizo_assembly
RS_172,RS_172,Control,growth,R7,1,28-Sep,Control_growth_R7_1,28.2,32.16,28.55,16.27,15.89,12.28,rhizosphere,RS,,172,,5/13/23,9,sample,,rhizo_assembly
RS_173,RS_173,Control,growth,V2,4,19-Aug,Control_growth_V2_4,10.1,19.95,16.98,16.27,3.68,0.71,rhizosphere,RS,,173,,5/13/23,9,sample,,rhizo_assembly
RS_174,RS_174,Control,growth,V4,1,30-Aug,Control_growth_V4_1,27.1,27.57,18.39,16.27,11.3,2.12,rhizosphere,RS,,174,,5/13/23,9,sample,,rhizo_assembly
RS_175,RS_175,Control,growth,V4,2,30-Aug,Control_growth_V4_2,26.1,26.24,18.16,16.27,9.97,1.89,rhizosphere,RS,,175,,5/13/23,9,sample,,rhizo_assembly
RS_176,RS_176,Control,growth,V4,4,30-Aug,Control_growth_V4_4,25.9,27.48,18.2,16.27,11.21,1.93,rhizosphere,RS,,176,,5/13/23,9,sample,,rhizo_assembly
RS_177,RS_177,Control,time,day14,1,19-Aug,Control_time_day14_1,11.9,20.01,17.09,16.27,3.74,0.82,rhizosphere,RS,,177,,5/13/23,9,sample,,rhizo_assembly
RS_178,RS_178,Control,time,day14,3,19-Aug,Control_time_day14_3,13,20.21,17.2,16.27,3.94,0.93,rhizosphere,RS,,178,,5/13/23,9,sample,,rhizo_assembly
RS_179,RS_179,Control,time,day3,5,8-Aug,Control_time_day3_5,0,,,,,,rhizosphere,RS,,179,,5/13/23,9,sample,,rhizo_assembly
RS_180,RS_180,Control,time,day35,4,9-Sep,Control_time_day35_4,28.1,43.98,20.66,16.27,27.71,4.39,rhizosphere,RS,,180,,5/13/23,9,sample,,rhizo_assembly
RS_181,RS_181,Control,time,day7,2,12-Aug,Control_time_day7_2,7.8,4.58,2.93,2.5,2.08,0.43,rhizosphere,RS,,181,,5/13/23,9,sample,,rhizo_assembly
RS_182,RS_182,Zeb,growth,R1,2,11-Sep,Zeb_growth_R1_2,22.2,24.56,17.46,16.27,8.29,1.19,rhizosphere,RS,,182,,5/13/23,9,sample,,rhizo_assembly
RS_183,RS_183,Zeb,growth,V2,1,29-Aug,Zeb_growth_V2_1,8.3,5.07,3.03,2.5,2.57,0.53,rhizosphere,RS,,183,,5/13/23,9,sample,,rhizo_assembly
RS_184,RS_184,Zeb,growth,V2,4,29-Aug,Zeb_growth_V2_4,8.7,5.51,3.07,2.5,3.01,0.57,rhizosphere,RS,,184,,5/13/23,9,sample,,rhizo_assembly
RS_185,RS_185,Zeb,time,day14,5,19-Aug,Zeb_time_day14_5,4.2,4.14,3.03,2.5,1.64,0.53,rhizosphere,RS,,185,,5/13/23,9,sample,,rhizo_assembly
RS_186,RS_186,Zeb,time,day3,1,8-Aug,Zeb_time_day3_1,0,,,,,,rhizosphere,RS,,186,,5/13/23,9,sample,,rhizo_assembly
RS_187,RS_187,Zeb,time,day35,1,9-Sep,Zeb_time_day35_1,20.5,21.96,17.26,16.27,5.69,0.99,rhizosphere,RS,,187,,5/13/23,9,sample,,rhizo_assembly
RS_188,RS_188,Zeb,time,day63,1,7-Oct,Zeb_time_day63_1,14.7,52.03,22.99,16.27,35.76,6.72,rhizosphere,RS,,188,,5/13/23,9,sample,,rhizo_assembly
RS_189,RS_189,Zeb,time,day63,3,7-Oct,Zeb_time_day63_3,22.1,58.94,24.99,16.27,42.67,8.72,rhizosphere,RS,,189,,5/13/23,9,sample,,rhizo_assembly
RS_190,RS_190,,,,,,Negative_group9,,,,,,,rhizosphere,RS,,190,,5/13/23,9,control,negative,rhizo_assembly
RS_191,RS_191,Control,growth,R7,2,28-Sep,Control_growth_R7_2,28.9,42.15,28.67,16.27,25.88,12.4,rhizosphere,RS,,191,,5/13/23,10,sample,,rhizo_assembly
RS_192,RS_192,Control,growth,V1,1,15-Aug,Control_growth_V1_1,9.5,,2.96,2.5,,0.46,rhizosphere,RS,,192,,5/13/23,10,sample,,rhizo_assembly
RS_193,RS_193,Control,growth,V1,2,15-Aug,Control_growth_V1_2,10.7,,2.94,2.5,,0.44,rhizosphere,RS,,193,,5/13/23,10,sample,,rhizo_assembly
RS_194,RS_194,Control,growth,V1,5,15-Aug,Control_growth_V1_5,11.9,,2.96,2.5,,0.46,rhizosphere,RS,,194,,5/13/23,10,sample,,rhizo_assembly
RS_195,RS_195,Control,growth,V3,1,24-Aug,Control_growth_V3_1,16.6,22.11,17.92,16.27,5.84,1.65,rhizosphere,RS,,195,,5/13/23,10,sample,,rhizo_assembly
RS_196,RS_196,Control,time,day21,5,26-Aug,Control_time_day21_5,18.9,24.36,18.28,16.27,8.09,2.01,rhizosphere,RS,,196,,5/13/23,10,sample,,rhizo_assembly
RS_197,RS_197,Control,time,day49,1,23-Sep,Control_time_day49_1,32.5,54.55,26.12,16.27,38.28,9.85,rhizosphere,RS,,197,,5/13/23,10,sample,,rhizo_assembly
RS_198,RS_198,Control,time,day49,2,23-Sep,Control_time_day49_2,33,51.59,24.86,16.27,35.32,8.59,rhizosphere,RS,,198,,5/13/23,10,sample,,rhizo_assembly
RS_199,RS_199,Control,time,day49,5,23-Sep,Control_time_day49_5,30.8,64.68,27.78,16.27,48.41,11.51,rhizosphere,RS,,199,,5/13/23,10,sample,,rhizo_assembly
RS_200,RS_200,Control,time,day7,5,12-Aug,Control_time_day7_5,8.6,4.89,2.99,2.5,2.39,0.49,rhizosphere,RS,,200,,5/13/23,10,sample,,rhizo_assembly
RS_201,RS_201,Zeb,growth,R1,3,11-Sep,Zeb_growth_R1_3,11.9,22.13,16.88,16.27,5.86,0.61,rhizosphere,RS,,201,,5/13/23,10,sample,,rhizo_assembly
RS_202,RS_202,Zeb,growth,R1,5,11-Sep,Zeb_growth_R1_5,11.9,24.19,17.81,16.27,7.92,1.54,rhizosphere,RS,,202,,5/13/23,10,sample,,rhizo_assembly
RS_203,RS_203,Zeb,growth,R4,4,29-Sep,Zeb_growth_R4_4,22.3,53.2,23.02,16.27,36.93,6.75,rhizosphere,RS,,203,,5/13/23,10,sample,,rhizo_assembly
RS_205,RS_205,Zeb,growth,V3,2,30-Aug,Zeb_growth_V3_2,11.5,6.59,3.3,2.5,4.09,0.8,rhizosphere,RS,,205,,5/13/23,10,sample,,rhizo_assembly
RS_206,RS_206,Zeb,growth,V3,4,30-Aug,Zeb_growth_V3_4,10.1,5.92,3.18,2.5,3.42,0.68,rhizosphere,RS,,206,,5/13/23,10,sample,,rhizo_assembly
RS_207,RS_207,Zeb,growth,V4,1,6-Sep,Zeb_growth_V4_1,9.6,12.52,9.54,8.88,3.64,0.66,rhizosphere,RS,,207,,5/13/23,10,sample,,rhizo_assembly
RS_208,RS_208,Zeb,time,day3,5,8-Aug,Zeb_time_day3_5,0,,,,,,rhizosphere,RS,,208,,5/13/23,10,sample,,rhizo_assembly
RS_209,RS_209,Zeb,time,day49,2,23-Sep,Zeb_time_day49_2,18.3,27.58,18.87,16.27,11.31,2.6,rhizosphere,RS,,209,,5/13/23,10,sample,,rhizo_assembly
RS_210,RS_210,Zeb,time,day49,5,23-Sep,Zeb_time_day49_5,18.7,27.55,18.95,16.27,11.28,2.68,rhizosphere,RS,,210,,5/13/23,10,sample,,rhizo_assembly
RS_211,RS_211,,,,,,Negative_group10,,,,,,,rhizosphere,RS,,211,,5/13/23,10,control,negative,rhizo_assembly
RS_212,RS_212,Control,growth,R4,1,11-Sep,Control_growth_R4_1,21.4,59.84,22.09,16.27,43.57,5.82,rhizosphere,RS,,212,,5/13/23,11,sample,,rhizo_assembly
RS_213,RS_213,Control,growth,R7,4,28-Sep,Control_growth_R7_4,24.2,51.38,26.01,16.27,35.11,9.74,rhizosphere,RS,,213,,5/13/23,11,sample,,rhizo_assembly
RS_214,RS_214,Control,growth,R7,5,28-Sep,Control_growth_R7_5,25.7,34.76,26.5,16.27,18.49,10.23,rhizosphere,RS,,214,,5/13/23,11,sample,,rhizo_assembly
RS_215,RS_215,Control,growth,V3,3,24-Aug,Control_growth_V3_3,20.3,23.24,18.42,16.27,6.97,2.15,rhizosphere,RS,,215,,5/13/23,11,sample,,rhizo_assembly
RS_216,RS_216,Control,growth,V4,3,30-Aug,Control_growth_V4_3,20.3,25.85,18.17,16.27,9.58,1.9,rhizosphere,RS,,216,,5/13/23,11,sample,,rhizo_assembly
RS_217,RS_217,Control,time,day3,3,8-Aug,Control_time_day3_3,0,,,,,,rhizosphere,RS,,217,,5/13/23,11,sample,,rhizo_assembly
RS_218,RS_218,Control,time,day35,3,9-Sep,Control_time_day35_3,33.9,37.2,20.25,16.27,20.93,3.98,rhizosphere,RS,,218,,5/13/23,11,sample,,rhizo_assembly
RS_219,RS_219,Control,time,day49,4,23-Sep,Control_time_day49_4,35.4,47.77,25.05,16.27,31.5,8.78,rhizosphere,RS,,219,,5/13/23,11,sample,,rhizo_assembly
RS_220,RS_220,Control,time,day63,5,7-Oct,Control_time_day63_5,30.9,40.14,27.85,16.27,23.87,11.58,rhizosphere,RS,,220,,5/13/23,11,sample,,rhizo_assembly
RS_221,RS_221,Control,time,day7,4,12-Aug,Control_time_day7_4,7.3,4.78,2.91,2.5,2.28,0.41,rhizosphere,RS,,221,,5/13/23,11,sample,,rhizo_assembly
RS_222,RS_222,Zeb,growth,R7,4,19-Oct,Zeb_growth_R7_4,20.6,31.87,29.89,16.27,15.6,13.62,rhizosphere,RS,,222,,5/13/23,11,sample,,rhizo_assembly
RS_223,RS_223,Zeb,growth,R7,5,19-Oct,Zeb_growth_R7_5,28.3,27.38,24.72,16.27,11.11,8.45,rhizosphere,RS,,223,,5/13/23,11,sample,,rhizo_assembly
RS_224,RS_224,Zeb,growth,V1,2,25-Aug,Zeb_growth_V1_2,6.7,5.46,3.08,2.5,2.96,0.58,rhizosphere,RS,,224,,5/13/23,11,sample,,rhizo_assembly
RS_225,RS_225,Zeb,growth,V3,3,30-Aug,Zeb_growth_V3_3,10.5,6.19,3.34,2.5,3.69,0.84,rhizosphere,RS,,225,,5/13/23,11,sample,,rhizo_assembly
RS_226,RS_226,Zeb,time,day14,1,19-Aug,Zeb_time_day14_1,4.8,4.04,3,2.5,1.54,0.5,rhizosphere,RS,,226,,5/13/23,11,sample,,rhizo_assembly
RS_227,RS_227,Zeb,time,day14,2,19-Aug,Zeb_time_day14_2,5,4.21,2.96,2.5,1.71,0.46,rhizosphere,RS,,227,,5/13/23,11,sample,,rhizo_assembly
RS_228,RS_228,Zeb,time,day35,4,9-Sep,Zeb_time_day35_4,13.4,24.01,18.07,16.27,7.74,1.8,rhizosphere,RS,,228,,5/13/23,11,sample,,rhizo_assembly
RS_229,RS_229,Zeb,time,day35,5,9-Sep,Zeb_time_day35_5,14.6,19.97,17.02,16.27,3.7,0.75,rhizosphere,RS,,229,,5/13/23,11,sample,,rhizo_assembly
RS_230,RS_230,Zeb,time,day49,3,23-Sep,Zeb_time_day49_3,24.4,28.32,18.98,16.27,12.05,2.71,rhizosphere,RS,,230,,5/13/23,11,sample,,rhizo_assembly
RS_231,RS_231,Zeb,time,day7,4,12-Aug,Zeb_time_day7_4,1.2,3.85,3.05,2.5,1.35,0.55,rhizosphere,RS,,231,,5/13/23,11,sample,,rhizo_assembly
RS_232,RS_232,,,,,,Negative_group11,,,,,,,rhizosphere,RS,,232,,5/13/23,11,control,negative,rhizo_assembly
RS_233,RS_233,Control,growth,R1,1,31-Aug,Control_growth_R1_1,22.9,28.81,18.34,16.27,12.54,2.07,rhizosphere,RS,,233,,5/15/23,12,sample,,rhizo_assembly
RS_234,RS_234,Control,growth,R1,2,31-Aug,Control_growth_R1_2,26.7,28.23,18.37,16.27,11.96,2.1,rhizosphere,RS,,234,,5/15/23,12,sample,,rhizo_assembly
RS_235,RS_235,Control,growth,R4,2,11-Sep,Control_growth_R4_2,25.1,53.66,21.35,16.27,37.39,5.08,rhizosphere,RS,,235,,5/15/23,12,sample,,rhizo_assembly
RS_236,RS_236,Control,growth,V1,3,15-Aug,Control_growth_V1_3,12.4,,3.07,2.5,,0.57,rhizosphere,RS,,236,,5/15/23,12,sample,,rhizo_assembly
RS_237,RS_237,Control,growth,V3,4,24-Aug,Control_growth_V3_4,17.5,21.65,17.65,16.27,5.38,1.38,rhizosphere,RS,,237,,5/15/23,12,sample,,rhizo_assembly
RS_238,RS_238,Control,growth,V3,5,24-Aug,Control_growth_V3_5,13.9,19.94,17.49,16.27,3.67,1.22,rhizosphere,RS,,238,,5/15/23,12,sample,,rhizo_assembly
RS_239,RS_239,Control,time,day14,5,19-Aug,Control_time_day14_5,10.7,20.01,16.81,16.27,3.74,0.54,rhizosphere,RS,,239,,5/15/23,12,sample,,rhizo_assembly
RS_240,RS_240,Control,time,day21,3,26-Aug,Control_time_day21_3,17.6,23.51,17.62,16.27,7.24,1.35,rhizosphere,RS,,240,,5/15/23,12,sample,,rhizo_assembly
RS_241,RS_241,Control,time,day21,4,26-Aug,Control_time_day21_4,19.6,24.39,17.77,16.27,8.12,1.5,rhizosphere,RS,,241,,5/15/23,12,sample,,rhizo_assembly
RS_242,RS_242,Control,time,day3,1,8-Aug,Control_time_day3_1,0,,,,,,rhizosphere,RS,,242,,5/15/23,12,sample,,rhizo_assembly
RS_243,RS_243,Control,time,day3,2,8-Aug,Control_time_day3_2,0,,,,,,rhizosphere,RS,,243,,5/15/23,12,sample,,rhizo_assembly
RS_244,RS_244,Control,time,day63,1,7-Oct,Control_time_day63_1,31.5,36.61,28.26,16.27,20.34,11.99,rhizosphere,RS,,244,,5/15/23,12,sample,,rhizo_assembly
RS_245,RS_245,Zeb,growth,V4,3,6-Sep,Zeb_growth_V4_3,15.1,12.32,9.33,8.88,3.44,0.45,rhizosphere,RS,,245,,5/15/23,12,sample,,rhizo_assembly
RS_246,RS_246,Zeb,growth,V4,5,6-Sep,Zeb_growth_V4_5,13,15.43,10.12,8.88,6.55,1.24,rhizosphere,RS,,246,,5/15/23,12,sample,,rhizo_assembly
RS_247,RS_247,Zeb,time,day21,4,26-Aug,Zeb_time_day21_4,4.4,4.45,3.01,2.5,1.95,0.51,rhizosphere,RS,,247,,5/15/23,12,sample,,rhizo_assembly
RS_248,RS_248,Zeb,time,day3,2,8-Aug,Zeb_time_day3_2,0,,,,,,rhizosphere,RS,,248,,5/15/23,12,sample,,rhizo_assembly
RS_249,RS_249,Zeb,time,day35,3,9-Sep,Zeb_time_day35_3,20.7,22.87,17.75,16.27,6.6,1.48,rhizosphere,RS,,249,,5/15/23,12,sample,,rhizo_assembly
RS_250,RS_250,Zeb,time,day49,4,23-Sep,Zeb_time_day49_4,24.3,37.2,21.5,16.27,20.93,5.23,rhizosphere,RS,,250,,5/15/23,12,sample,,rhizo_assembly
RS_251,RS_251,Zeb,time,day63,4,7-Oct,Zeb_time_day63_4,20.1,42.07,21.75,16.27,25.8,5.48,rhizosphere,RS,,251,,5/15/23,12,sample,,rhizo_assembly
RS_252,RS_252,Zeb,time,day7,5,12-Aug,Zeb_time_day7_5,1.8,3.95,2.97,2.5,1.45,0.47,rhizosphere,RS,,252,,5/15/23,12,sample,,rhizo_assembly
RS_253,RS_253,,,,,,Negative_group12,,,,,,,rhizosphere,RS,,253,,5/15/23,12,control,negative,rhizo_assembly
RS_254,RS_254,Control,growth,R4,3,11-Sep,Control_growth_R4_3,30.8,58.02,21.42,16.27,41.75,5.15,rhizosphere,RS,,254,,5/15/23,13,sample,,rhizo_assembly
RS_255,RS_255,Control,growth,V1,4,15-Aug,Control_growth_V1_4,10.6,,2.95,2.5,,0.45,rhizosphere,RS,,255,,5/15/23,13,sample,,rhizo_assembly
RS_256,RS_256,Control,growth,V2,3,19-Aug,Control_growth_V2_3,13.7,21.07,17.14,16.27,4.8,0.87,rhizosphere,RS,,256,,5/15/23,13,sample,,rhizo_assembly
RS_257,RS_257,Control,growth,V2,5,19-Aug,Control_growth_V2_5,9.9,20.11,17.02,16.27,3.84,0.75,rhizosphere,RS,,257,,5/15/23,13,sample,,rhizo_assembly
RS_258,RS_258,Control,time,day21,1,26-Aug,Control_time_day21_1,14.9,22.26,17.56,16.27,5.99,1.29,rhizosphere,RS,,258,,5/15/23,13,sample,,rhizo_assembly
RS_259,RS_259,Control,time,day3,4,8-Aug,Control_time_day3_4,0,,,,,,rhizosphere,RS,,259,,5/15/23,13,sample,,rhizo_assembly
RS_260,RS_260,Control,time,day35,5,9-Sep,Control_time_day35_5,32,49.2,21.72,16.27,32.93,5.45,rhizosphere,RS,,260,,5/15/23,13,sample,,rhizo_assembly
RS_261,RS_261,Control,time,day63,4,7-Oct,Control_time_day63_4,29.9,40.98,28.57,16.27,24.71,12.3,rhizosphere,RS,,261,,5/15/23,13,sample,,rhizo_assembly
RS_262,RS_262,Zeb,growth,R1,1,11-Sep,Zeb_growth_R1_1,9.8,20.32,16.52,16.27,4.05,0.25,rhizosphere,RS,,262,,5/15/23,13,sample,,rhizo_assembly
RS_263,RS_263,Zeb,growth,R1,4,11-Sep,Zeb_growth_R1_4,37.5,27.37,18.03,16.27,11.1,1.76,rhizosphere,RS,,263,,5/15/23,13,sample,,rhizo_assembly
RS_264,RS_264,Zeb,growth,R4,3,29-Sep,Zeb_growth_R4_3,19.5,53.28,21.65,16.27,37.01,5.38,rhizosphere,RS,,264,,5/15/23,13,sample,,rhizo_assembly
RS_265,RS_265,Zeb,growth,R4,5,29-Sep,Zeb_growth_R4_5,21.4,59.32,24.23,16.27,43.05,7.96,rhizosphere,RS,,265,,5/15/23,13,sample,,rhizo_assembly
RS_266,RS_266,Zeb,growth,V1,1,25-Aug,Zeb_growth_V1_1,7.8,5.4,3.11,2.5,2.9,0.61,rhizosphere,RS,,266,,5/15/23,13,sample,,rhizo_assembly
RS_267,RS_267,Zeb,growth,V3,1,30-Aug,Zeb_growth_V3_1,11.6,6.43,3.21,2.5,3.93,0.71,rhizosphere,RS,,267,,5/15/23,13,sample,,rhizo_assembly
RS_268,RS_268,Zeb,time,day14,3,19-Aug,Zeb_time_day14_3,4.7,4.26,2.93,2.5,1.76,0.43,rhizosphere,RS,,268,,5/15/23,13,sample,,rhizo_assembly
RS_269,RS_269,Zeb,time,day21,1,26-Aug,Zeb_time_day21_1,6.2,4.31,2.92,2.5,1.81,0.42,rhizosphere,RS,,269,,5/15/23,13,sample,,rhizo_assembly
RS_270,RS_270,Zeb,time,day21,2,26-Aug,Zeb_time_day21_2,9.5,5.48,3.04,2.5,2.98,0.54,rhizosphere,RS,,270,,5/15/23,13,sample,,rhizo_assembly
RS_271,RS_271,Zeb,time,day35,2,9-Sep,Zeb_time_day35_2,11.8,21.59,17.16,16.27,5.32,0.89,rhizosphere,RS,,271,,5/15/23,13,sample,,rhizo_assembly
RS_272,RS_272,Zeb,time,day49,1,23-Sep,Zeb_time_day49_1,13.4,30.33,19.55,16.27,14.06,3.28,rhizosphere,RS,,272,,5/15/23,13,sample,,rhizo_assembly
RS_273,RS_273,Zeb,time,day7,2,12-Aug,Zeb_time_day7_2,1,3.88,3.05,2.5,1.38,0.55,rhizosphere,RS,,273,,5/15/23,13,sample,,rhizo_assembly
RS_274,RS_274,,,,,,Negative_group13,,,,,,,rhizosphere,RS,,274,,5/15/23,13,control,negative,rhizo_assembly
RS_275,RS_275,Control,growth,R1,3,31-Aug,Control_growth_R1_3,21.7,26.59,18.18,16.27,10.32,1.91,rhizosphere,RS,,275,,5/15/23,14,sample,,rhizo_assembly
RS_276,RS_276,Control,growth,R4,4,11-Sep,Control_growth_R4_4,33.4,58.66,21.6,16.27,42.39,5.33,rhizosphere,RS,,276,,5/15/23,14,sample,,rhizo_assembly
RS_277,RS_277,Control,growth,R7,3,28-Sep,Control_growth_R7_3,32,52.15,27.83,16.27,35.88,11.56,rhizosphere,RS,,277,,5/15/23,14,sample,,rhizo_assembly
RS_278,RS_278,Control,growth,V2,2,19-Aug,Control_growth_V2_2,9.1,20,17.09,16.27,3.73,0.82,rhizosphere,RS,,278,,5/15/23,14,sample,,rhizo_assembly
RS_279,RS_279,Control,growth,V4,5,30-Aug,Control_growth_V4_5,29.8,31.11,18.92,16.27,14.84,2.65,rhizosphere,RS,,279,,5/15/23,14,sample,,rhizo_assembly
RS_280,RS_280,Control,time,day14,4,19-Aug,Control_time_day14_4,10.4,19.69,16.94,16.27,3.42,0.67,rhizosphere,RS,,280,,5/15/23,14,sample,,rhizo_assembly
RS_281,RS_281,Control,time,day35,1,9-Sep,Control_time_day35_1,34.4,53.91,22.19,16.27,37.64,5.92,rhizosphere,RS,,281,,5/15/23,14,sample,,rhizo_assembly
RS_282,RS_282,Control,time,day49,3,23-Sep,Control_time_day49_3,30.1,63.76,27.29,16.27,47.49,11.02,rhizosphere,RS,,282,,5/15/23,14,sample,,rhizo_assembly
RS_283,RS_283,Control,time,day63,2,7-Oct,Control_time_day63_2,33,34.21,27.25,16.27,17.94,10.98,rhizosphere,RS,,283,,5/15/23,14,sample,,rhizo_assembly
RS_284,RS_284,Control,time,day7,1,12-Aug,Control_time_day7_1,9.1,4.59,2.95,2.5,2.09,0.45,rhizosphere,RS,,284,,5/15/23,14,sample,,rhizo_assembly
RS_285,RS_285,Control,time,day7,3,12-Aug,Control_time_day7_3,8,4.55,2.94,2.5,2.05,0.44,rhizosphere,RS,,285,,5/15/23,14,sample,,rhizo_assembly
RS_286,RS_286,Zeb,growth,R4,2,29-Sep,Zeb_growth_R4_2,13.9,55.41,22.42,16.27,39.14,6.15,rhizosphere,RS,,286,,5/15/23,14,sample,,rhizo_assembly
RS_287,RS_287,Zeb,growth,R7,1,19-Oct,Zeb_growth_R7_1,20.3,30.01,26.03,16.27,13.74,9.76,rhizosphere,RS,,287,,5/15/23,14,sample,,rhizo_assembly
RS_288,RS_288,Zeb,growth,V3,5,30-Aug,Zeb_growth_V3_5,11.2,5.71,3.15,2.5,3.21,0.65,rhizosphere,RS,,288,,5/15/23,14,sample,,rhizo_assembly
RS_289,RS_289,Zeb,growth,V4,2,6-Sep,Zeb_growth_V4_2,19.2,13.55,9.83,8.88,4.67,0.95,rhizosphere,RS,,289,,5/15/23,14,sample,,rhizo_assembly
RS_290,RS_290,Zeb,growth,V4,4,6-Sep,Zeb_growth_V4_4,9.6,12.62,9.41,8.88,3.74,0.53,rhizosphere,RS,,290,,5/15/23,14,sample,,rhizo_assembly
RS_291,RS_291,Zeb,time,day14,4,19-Aug,Zeb_time_day14_4,4.9,4.09,3,2.5,1.59,0.5,rhizosphere,RS,,291,,5/15/23,14,sample,,rhizo_assembly
RS_292,RS_292,Zeb,time,day21,3,26-Aug,Zeb_time_day21_3,6.5,4.31,2.89,2.5,1.81,0.39,rhizosphere,RS,,292,,5/15/23,14,sample,,rhizo_assembly
RS_293,RS_293,Zeb,time,day3,3,8-Aug,Zeb_time_day3_3,0,,,,,,rhizosphere,RS,,293,,5/15/23,14,sample,,rhizo_assembly
RS_294,RS_294,Zeb,time,day63,5,7-Oct,Zeb_time_day63_5,18.4,41.63,22.26,16.27,25.36,5.99,rhizosphere,RS,,294,,5/15/23,14,sample,,rhizo_assembly
RS_295,RS_295,,,,,,Negative_group14,,,,,,,rhizosphere,RS,,295,,5/15/23,14,control,negative,rhizo_assembly
RS_296,RS_296,,,,,,Mock_positive_rhizosphere,,,,,,,rhizosphere,RS,,296,,5/15/23,14,control,positive,rhizo_assembly
RTSF_NTC_2015,RTSF_NTC_2015,,,,,,Seq_negative,,,,,,,control,,,,,,,control,negative,rhizo_assembly
RTSF_NTC_2102,RTSF_NTC_2102,,,,,,Seq_negative,,,,,,,control,,,,,,,control,negative,rhizo_assembly
RTSF_NTC_2104,RTSF_NTC_2104,,,,,,Seq_negative,,,,,,,control,,,,,,,control,negative,rhizo_assembly
RTSF_NTC_2105,RTSF_NTC_2105,,,,,,Seq_negative,,,,,,,control,,,,,,,control,negative,rhizo_assembly
RTSF_NTC_2114,RTSF_NTC_2114,,,,,,Seq_negative,,,,,,,control,,,,,,,control,negative,rhizo_assembly
Seed_Control_1,Seed_Control_1,Control,,,,,Seed_Control_1,,,,,,,seed,,,,,,,sample,,seed_control
Seed_Control_2,Seed_Control_2,Control,,,,,Seed_Control_2,,,,,,,seed,,,,,,,sample,,seed_control
Seed_Control_3,Seed_Control_3,Control,,,,,Seed_Control_3,,,,,,,seed,,,,,,,sample,,seed_control
Seed_Control_4,Seed_Control_4,Control,,,,,Seed_Control_4,,,,,,,seed,,,,,,,sample,,seed_control
Seed_Control_5,Seed_Control_5,Control,,,,,Seed_Control_5,,,,,,,seed,,,,,,,sample,,seed_control
Seed_Control_6,Seed_Control_6,Control,,,,,Seed_Control_6,,,,,,,seed,,,,,,,sample,,seed_control
Seed_Neg,Seed_Neg,,,,,,Seed_Neg,,,,,,,control,,,,,,,control,negative,seed_control
Seed_Pos,Seed_Pos,,,,,,Seed_Pos,,,,,,,control,,,,,,,control,positive,seed_control
Seed_Zeb_1,Seed_Zeb_1,Zeb,,,,,Seed_Zeb_1,,,,,,,seed,,,,,,,sample,,seed_control
Seed_Zeb_2,Seed_Zeb_2,Zeb,,,,,Seed_Zeb_2,,,,,,,seed,,,,,,,sample,,seed_control
Seed_Zeb_3,Seed_Zeb_3,Zeb,,,,,Seed_Zeb_3,,,,,,,seed,,,,,,,sample,,seed_control
Seed_Zeb_4,Seed_Zeb_4,Zeb,,,,,Seed_Zeb_4,,,,,,,seed,,,,,,,sample,,seed_control
Seed_Zeb_5,Seed_Zeb_5,Zeb,,,,,Seed_Zeb_5,,,,,,,seed,,,,,,,sample,,seed_control
Seed_Zeb_6,Seed_Zeb_6,Zeb,,,,,Seed_Zeb_6,,,,,,,seed,,,,,,,sample,,seed_control
ZymoMockDNA_2103,ZymoMockDNA_2103,,,,,,ZymoMockDNA_2103,,,,,,,control,,,,,,,control,positive,rhizo_assembly